{
  "LogReg": {
    "cv_f1_mean": 0.957689056604656,
    "cv_f1_std": 0.02066498162110101
  },
  "RF": {
    "cv_f1_mean": 0.957689056604656,
    "cv_f1_std": 0.02066498162110101
  }
}