{
  "LogReg": {
    "cv_f1_mean": 0.8230073486854181,
    "cv_f1_std": 0.017066491569346334,
    "test_acc": 0.8188131313131313,
    "test_f1_macro": 0.8201609362859362
  },
  "NaiveBayes": {
    "cv_f1_mean": 0.835635676831553,
    "cv_f1_std": 0.027402343253133423,
    "test_acc": 0.8244949494949495,
    "test_f1_macro": 0.8243133088034715
  }
}