{
  "LogReg": {
    "cv_f1_mean": 0.8225505679147904,
    "cv_f1_std": 0.01569457248660846,
    "test_acc": 0.8194444444444444,
    "test_f1_macro": 0.8207950347315781
  },
  "NaiveBayes": {
    "cv_f1_mean": 0.835635676831553,
    "cv_f1_std": 0.02740234325313345,
    "test_acc": 0.8244949494949495,
    "test_f1_macro": 0.8243133088034718
  }
}