{
  "cv": {
    "n_splits": 5,
    "f1_macro_mean": 0.975575514653688,
    "f1_macro_std": 0.013190839860022898,
    "per_fold": [
      0.9757225064739906,
      0.9753923502101445,
      0.975491695340045,
      0.954779793174084,
      0.9964912280701753
    ]
  },
  "test": {
    "accuracy": 0.9694444444444444,
    "f1_macro": 0.9689202788782356
  }
}